regNo,eventName
1168.000000,event_gm
1337.000000,event_ex
1132.000000,event_gm
1283.000000,event_ft
1405.000000,event_ft
1085.000000,event_ft
1142.000000,event_ex
1277.000000,event_ex
1212.000000,event_gm
1086.000000,event_ej
1018.000000,event_ft
1289.000000,event_ej
1449.000000,event_ej
1014.000000,event_ft
1157.000000,event_ej
1201.000000,event_ex
1306.000000,event_ej
1108.000000,event_gk
1045.000000,event_ej
1425.000000,event_ej
1169.000000,event_ft
1097.000000,event_gk
1075.000000,event_gm
1412.000000,event_gk
1380.000000,event_ex
1144.000000,event_ex
1038.000000,event_gk
1465.000000,event_ex
1416.000000,event_ft
1437.000000,event_ex
1235.000000,event_ft
1294.000000,event_ex
1468.000000,event_ft
1451.000000,event_gm
1456.000000,event_gk
1233.000000,event_ej
1104.000000,event_ex
1452.000000,event_gk
1012.000000,event_gm
1282.000000,event_ex
1374.000000,event_gm
1127.000000,event_ft
1252.000000,event_ft
1286.000000,event_ej
1317.000000,event_ex
1021.000000,event_ex
1074.000000,event_gm
1009.000000,event_ej
1010.000000,event_ft
1217.000000,event_gm
1146.000000,event_gk
1129.000000,event_ft
1307.000000,event_gm
1420.000000,event_gk
1424.000000,event_ex
1301.000000,event_fc
1095.000000,event_er
1087.000000,event_es
1223.000000,event_ek
1401.000000,event_fc
1080.000000,event_hl
1110.000000,event_es
1076.000000,event_hl
1322.000000,event_hl
1119.000000,event_es
1272.000000,event_er
1343.000000,event_er
1483.000000,event_es
1351.000000,event_ek
1089.000000,event_ek
1050.000000,event_fc
1269.000000,event_hl
1298.000000,event_fc
1488.000000,event_hl
1163.000000,event_fc
1115.000000,event_fc
1030.000000,event_ga
1195.000000,event_hl
1155.000000,event_er
1220.000000,event_es
1445.000000,event_hl
1154.000000,event_es
1199.000000,event_er
1431.000000,event_er
1000.000000,event_fc
1193.000000,event_er
1389.000000,event_es
1020.000000,event_fc
1333.000000,event_hl
1159.000000,event_hl
1203.000000,event_hl
1388.000000,event_ga
1263.000000,event_ga
1236.000000,event_fc
1211.000000,event_hl
1464.000000,event_ga
1323.000000,event_es
1130.000000,event_er
1350.000000,event_ek
1265.000000,event_es
1378.000000,event_hl
1427.000000,event_fc
1205.000000,event_fc
1082.000000,event_er
1040.000000,event_es
1140.000000,event_fc
1440.000000,event_es
1251.000000,event_hl
1285.000000,event_er
1034.000000,event_fc
1004.000000,event_ga
1092.000000,event_er
1166.000000,event_er
1308.000000,event_es
1027.000000,event_fc
1310.000000,event_ga
1407.000000,event_hl
1498.000000,event_ga
1276.000000,event_hl
1267.000000,event_er
1368.000000,event_er
1044.000000,event_es
1136.000000,event_ga
1063.000000,event_ek
1039.000000,event_er
1043.000000,event_es
1429.000000,event_fc
1191.000000,event_er
1079.000000,event_ga
1059.000000,event_ga
